supplierID,supplierName,contactPerson,phone,email,address,city,state,country
1,Sunrise Traders,Priya Sharma,9631969374,contact1@supplier.in,780 Market Road,Mumbai,Maharashtra,India
2,Orion Wholesale,Amit Sharma,9623832096,contact2@supplier.in,30 Market Road,Jaipur,Rajasthan,India
3,Orion Retail,Rahul Singh,9385970256,contact3@supplier.in,739 Market Road,Pune,Maharashtra,India
4,Sunrise Traders,Priya Sharma,9123968184,contact4@supplier.in,27 Market Road,Bengaluru,Karnataka,India
5,Orion Supplies,Sneha Sharma,9666537775,contact5@supplier.in,228 Market Road,Kolkata,West Bengal,India
6,Orion Retail,Amit Das,9347891063,contact6@supplier.in,694 Market Road,Jaipur,Rajasthan,India
7,Orion Distributors,Rahul Singh,9999342503,contact7@supplier.in,939 Market Road,Bengaluru,Karnataka,India
8,Prime Distributors,Rahul Das,9874687978,contact8@supplier.in,997 Market Road,Delhi,Delhi,India
9,Sunrise Supplies,Priya Das,9730909864,contact9@supplier.in,997 Market Road,Pune,Maharashtra,India
10,Sunrise Wholesale,Arjun Sharma,9615639791,contact10@supplier.in,249 Market Road,Jaipur,Rajasthan,India
11,Orion Supplies,Priya Das,9192843870,contact11@supplier.in,450 Market Road,Pune,Maharashtra,India
12,Prime Retail,Sneha Das,9625804415,contact12@supplier.in,751 Market Road,Delhi,Delhi,India
13,Orion Traders,Priya Singh,9794878646,contact13@supplier.in,175 Market Road,Kolkata,West Bengal,India
14,Sunrise Supplies,Rahul Roy,9679409818,contact14@supplier.in,943 Market Road,Mumbai,Maharashtra,India
15,Orion Retail,Priya Das,9592988938,contact15@supplier.in,932 Market Road,Bengaluru,Karnataka,India
16,Green Retail,Arjun Sharma,9511983601,contact16@supplier.in,803 Market Road,Chennai,Tamil Nadu,India
17,Sunrise Retail,Amit Singh,9160261934,contact17@supplier.in,493 Market Road,Mumbai,Maharashtra,India
18,Sunrise Retail,Amit Singh,9620684370,contact18@supplier.in,833 Market Road,Hyderabad,Telangana,India
19,Orion Distributors,Rahul Das,9591931376,contact19@supplier.in,615 Market Road,Hyderabad,Telangana,India
20,Prime Supplies,Arjun Roy,9198356259,contact20@supplier.in,818 Market Road,Kolkata,West Bengal,India
21,Nova Traders,Rahul Sharma,9586403747,contact21@supplier.in,15 Market Road,Chennai,Tamil Nadu,India
22,Prime Distributors,Rahul Roy,9469821234,contact22@supplier.in,298 Market Road,Chennai,Tamil Nadu,India
23,Prime Supplies,Priya Roy,9805079554,contact23@supplier.in,280 Market Road,Delhi,Delhi,India
24,Orion Distributors,Sneha Singh,9222611279,contact24@supplier.in,25 Market Road,Chennai,Tamil Nadu,India
25,Orion Distributors,Sneha Roy,9377477256,contact25@supplier.in,112 Market Road,Chennai,Tamil Nadu,India
26,Green Retail,Amit Singh,9977289657,contact26@supplier.in,999 Market Road,Chennai,Tamil Nadu,India
27,Prime Traders,Sneha Roy,9137931054,contact27@supplier.in,737 Market Road,Kolkata,West Bengal,India
28,Orion Retail,Sneha Roy,9777286096,contact28@supplier.in,817 Market Road,Mumbai,Maharashtra,India
29,Prime Retail,Rahul Singh,9824671125,contact29@supplier.in,590 Market Road,Jaipur,Rajasthan,India
30,Green Wholesale,Rahul Das,9234951434,contact30@supplier.in,992 Market Road,Hyderabad,Telangana,India
31,Nova Distributors,Rahul Sharma,9433250405,contact31@supplier.in,940 Market Road,Bengaluru,Karnataka,India
32,Green Supplies,Sneha Das,9240006408,contact32@supplier.in,9 Market Road,Chennai,Tamil Nadu,India
33,Sunrise Supplies,Arjun Singh,9284165073,contact33@supplier.in,848 Market Road,Kolkata,West Bengal,India
34,Orion Supplies,Priya Sharma,9320935006,contact34@supplier.in,588 Market Road,Kolkata,West Bengal,India
35,Sunrise Supplies,Sneha Sharma,9815066450,contact35@supplier.in,400 Market Road,Pune,Maharashtra,India
36,Sunrise Wholesale,Rahul Das,9757267817,contact36@supplier.in,893 Market Road,Chennai,Tamil Nadu,India
37,Global Traders,Amit Roy,9451908900,contact37@supplier.in,831 Market Road,Pune,Maharashtra,India
38,Global Wholesale,Amit Das,9824190622,contact38@supplier.in,99 Market Road,Mumbai,Maharashtra,India
39,Sunrise Distributors,Arjun Singh,9924581297,contact39@supplier.in,546 Market Road,Pune,Maharashtra,India
40,Nova Traders,Rahul Roy,9282207696,contact40@supplier.in,171 Market Road,Bengaluru,Karnataka,India
41,Global Distributors,Arjun Das,9495252955,contact41@supplier.in,347 Market Road,Bengaluru,Karnataka,India
42,Nova Distributors,Amit Singh,9245326639,contact42@supplier.in,594 Market Road,Hyderabad,Telangana,India
43,Global Traders,Sneha Sharma,9508269111,contact43@supplier.in,887 Market Road,Delhi,Delhi,India
44,Prime Distributors,Rahul Singh,9182304068,contact44@supplier.in,585 Market Road,Mumbai,Maharashtra,India
45,Sunrise Traders,Priya Das,9417347196,contact45@supplier.in,578 Market Road,Bengaluru,Karnataka,India
46,Orion Distributors,Rahul Sharma,9988809292,contact46@supplier.in,303 Market Road,Delhi,Delhi,India
47,Sunrise Traders,Rahul Singh,9223590367,contact47@supplier.in,846 Market Road,Kolkata,West Bengal,India
48,Prime Supplies,Arjun Singh,9273967477,contact48@supplier.in,119 Market Road,Kolkata,West Bengal,India
49,Prime Supplies,Amit Sharma,9567188110,contact49@supplier.in,933 Market Road,Jaipur,Rajasthan,India
50,Sunrise Distributors,Arjun Das,9864086435,contact50@supplier.in,489 Market Road,Pune,Maharashtra,India
51,Nova Supplies,Priya Sharma,9129272940,contact51@supplier.in,11 Market Road,Hyderabad,Telangana,India
52,Green Retail,Priya Singh,9520121951,contact52@supplier.in,321 Market Road,Chennai,Tamil Nadu,India
53,Nova Traders,Priya Singh,9219574375,contact53@supplier.in,257 Market Road,Pune,Maharashtra,India
54,Sunrise Retail,Sneha Das,9378191471,contact54@supplier.in,188 Market Road,Bengaluru,Karnataka,India
55,Global Supplies,Amit Das,9187369043,contact55@supplier.in,840 Market Road,Bengaluru,Karnataka,India
56,Nova Wholesale,Rahul Das,9344197058,contact56@supplier.in,400 Market Road,Chennai,Tamil Nadu,India
57,Nova Distributors,Amit Das,9951189292,contact57@supplier.in,868 Market Road,Chennai,Tamil Nadu,India
58,Prime Distributors,Rahul Sharma,9363171983,contact58@supplier.in,226 Market Road,Chennai,Tamil Nadu,India
59,Prime Wholesale,Rahul Das,9691851598,contact59@supplier.in,889 Market Road,Kolkata,West Bengal,India
60,Green Traders,Rahul Sharma,9412267262,contact60@supplier.in,769 Market Road,Delhi,Delhi,India
61,Orion Wholesale,Amit Sharma,9638405914,contact61@supplier.in,797 Market Road,Hyderabad,Telangana,India
62,Nova Retail,Amit Roy,9933448049,contact62@supplier.in,154 Market Road,Hyderabad,Telangana,India
63,Global Distributors,Rahul Das,9235613399,contact63@supplier.in,916 Market Road,Mumbai,Maharashtra,India
64,Prime Retail,Rahul Das,9981574076,contact64@supplier.in,925 Market Road,Bengaluru,Karnataka,India
65,Prime Distributors,Sneha Roy,9152139612,contact65@supplier.in,732 Market Road,Bengaluru,Karnataka,India
66,Global Traders,Sneha Singh,9689774096,contact66@supplier.in,257 Market Road,Bengaluru,Karnataka,India
67,Sunrise Wholesale,Rahul Singh,9997960631,contact67@supplier.in,347 Market Road,Jaipur,Rajasthan,India
68,Global Wholesale,Rahul Singh,9712680990,contact68@supplier.in,20 Market Road,Mumbai,Maharashtra,India
69,Green Distributors,Arjun Roy,9737315520,contact69@supplier.in,129 Market Road,Kolkata,West Bengal,India
70,Global Distributors,Sneha Singh,9284870662,contact70@supplier.in,628 Market Road,Mumbai,Maharashtra,India
71,Prime Wholesale,Rahul Roy,9667689171,contact71@supplier.in,325 Market Road,Delhi,Delhi,India
72,Green Supplies,Amit Das,9631579777,contact72@supplier.in,704 Market Road,Jaipur,Rajasthan,India
73,Prime Wholesale,Priya Das,9794083008,contact73@supplier.in,225 Market Road,Jaipur,Rajasthan,India
74,Nova Retail,Priya Roy,9649360478,contact74@supplier.in,785 Market Road,Kolkata,West Bengal,India
75,Global Distributors,Priya Das,9277359292,contact75@supplier.in,719 Market Road,Bengaluru,Karnataka,India
76,Sunrise Traders,Rahul Singh,9289274806,contact76@supplier.in,160 Market Road,Jaipur,Rajasthan,India
77,Orion Supplies,Arjun Sharma,9631529940,contact77@supplier.in,698 Market Road,Chennai,Tamil Nadu,India
78,Green Distributors,Sneha Roy,9684354875,contact78@supplier.in,748 Market Road,Pune,Maharashtra,India
79,Sunrise Traders,Priya Sharma,9387254119,contact79@supplier.in,755 Market Road,Kolkata,West Bengal,India
80,Prime Retail,Rahul Singh,9358761354,contact80@supplier.in,995 Market Road,Delhi,Delhi,India
81,Orion Wholesale,Amit Das,9570437381,contact81@supplier.in,130 Market Road,Pune,Maharashtra,India
82,Prime Traders,Sneha Singh,9226798201,contact82@supplier.in,677 Market Road,Jaipur,Rajasthan,India
83,Global Supplies,Sneha Sharma,9303837752,contact83@supplier.in,542 Market Road,Chennai,Tamil Nadu,India
84,Sunrise Traders,Rahul Roy,9996931287,contact84@supplier.in,267 Market Road,Jaipur,Rajasthan,India
85,Prime Distributors,Amit Roy,9393373861,contact85@supplier.in,319 Market Road,Bengaluru,Karnataka,India
86,Green Wholesale,Amit Das,9627002452,contact86@supplier.in,431 Market Road,Chennai,Tamil Nadu,India
87,Prime Retail,Sneha Roy,9404993616,contact87@supplier.in,831 Market Road,Delhi,Delhi,India
88,Nova Traders,Arjun Sharma,9685497553,contact88@supplier.in,304 Market Road,Delhi,Delhi,India
89,Nova Retail,Priya Das,9569406834,contact89@supplier.in,516 Market Road,Mumbai,Maharashtra,India
90,Sunrise Distributors,Rahul Sharma,9574931398,contact90@supplier.in,736 Market Road,Hyderabad,Telangana,India
91,Global Distributors,Arjun Singh,9464390545,contact91@supplier.in,802 Market Road,Jaipur,Rajasthan,India
92,Nova Wholesale,Sneha Roy,9697954550,contact92@supplier.in,4 Market Road,Jaipur,Rajasthan,India
93,Green Retail,Arjun Roy,9595618793,contact93@supplier.in,616 Market Road,Chennai,Tamil Nadu,India
94,Green Distributors,Amit Singh,9765756125,contact94@supplier.in,685 Market Road,Pune,Maharashtra,India
95,Global Retail,Rahul Singh,9722068246,contact95@supplier.in,437 Market Road,Bengaluru,Karnataka,India
96,Global Retail,Arjun Sharma,9629034794,contact96@supplier.in,764 Market Road,Pune,Maharashtra,India
97,Green Distributors,Rahul Singh,9874473157,contact97@supplier.in,645 Market Road,Bengaluru,Karnataka,India
98,Green Wholesale,Priya Roy,9924096626,contact98@supplier.in,76 Market Road,Mumbai,Maharashtra,India
99,Global Distributors,Sneha Das,9263283883,contact99@supplier.in,474 Market Road,Kolkata,West Bengal,India
100,Orion Supplies,Sneha Sharma,9390791271,contact100@supplier.in,523 Market Road,Chennai,Tamil Nadu,India
101,Green Retail,Sneha Sharma,9481368739,contact101@supplier.in,69 Market Road,Delhi,Delhi,India
102,Nova Supplies,Arjun Roy,9841362456,contact102@supplier.in,96 Market Road,Jaipur,Rajasthan,India
103,Green Distributors,Arjun Das,9324293279,contact103@supplier.in,541 Market Road,Pune,Maharashtra,India
104,Prime Distributors,Priya Sharma,9180406912,contact104@supplier.in,716 Market Road,Bengaluru,Karnataka,India
105,Orion Retail,Arjun Sharma,9280983056,contact105@supplier.in,305 Market Road,Hyderabad,Telangana,India
106,Global Retail,Amit Singh,9702417128,contact106@supplier.in,410 Market Road,Chennai,Tamil Nadu,India
107,Orion Distributors,Arjun Das,9868855300,contact107@supplier.in,228 Market Road,Mumbai,Maharashtra,India
108,Sunrise Supplies,Rahul Singh,9439870586,contact108@supplier.in,951 Market Road,Chennai,Tamil Nadu,India
109,Prime Distributors,Amit Sharma,9772040517,contact109@supplier.in,750 Market Road,Pune,Maharashtra,India
110,Sunrise Wholesale,Arjun Roy,9750966609,contact110@supplier.in,969 Market Road,Mumbai,Maharashtra,India
111,Orion Retail,Amit Roy,9935868542,contact111@supplier.in,142 Market Road,Chennai,Tamil Nadu,India
112,Global Distributors,Sneha Roy,9224378980,contact112@supplier.in,736 Market Road,Jaipur,Rajasthan,India
113,Green Distributors,Rahul Sharma,9344404796,contact113@supplier.in,407 Market Road,Bengaluru,Karnataka,India
114,Orion Traders,Amit Sharma,9159424144,contact114@supplier.in,829 Market Road,Hyderabad,Telangana,India
115,Prime Traders,Sneha Singh,9467695544,contact115@supplier.in,679 Market Road,Kolkata,West Bengal,India
116,Nova Retail,Amit Sharma,9338440647,contact116@supplier.in,410 Market Road,Chennai,Tamil Nadu,India
117,Orion Wholesale,Sneha Roy,9348804573,contact117@supplier.in,242 Market Road,Bengaluru,Karnataka,India
118,Orion Retail,Arjun Singh,9327533424,contact118@supplier.in,463 Market Road,Chennai,Tamil Nadu,India
119,Global Wholesale,Arjun Sharma,9329617216,contact119@supplier.in,81 Market Road,Chennai,Tamil Nadu,India
120,Nova Traders,Sneha Das,9511401630,contact120@supplier.in,869 Market Road,Kolkata,West Bengal,India
121,Prime Wholesale,Amit Roy,9952263790,contact121@supplier.in,936 Market Road,Chennai,Tamil Nadu,India
122,Nova Wholesale,Amit Sharma,9706389371,contact122@supplier.in,389 Market Road,Kolkata,West Bengal,India
123,Prime Traders,Sneha Das,9115506444,contact123@supplier.in,37 Market Road,Chennai,Tamil Nadu,India
124,Sunrise Supplies,Rahul Das,9938370833,contact124@supplier.in,121 Market Road,Kolkata,West Bengal,India
125,Nova Supplies,Rahul Singh,9784524389,contact125@supplier.in,134 Market Road,Pune,Maharashtra,India
126,Green Supplies,Sneha Singh,9454125406,contact126@supplier.in,647 Market Road,Chennai,Tamil Nadu,India
127,Global Supplies,Amit Sharma,9731279675,contact127@supplier.in,958 Market Road,Chennai,Tamil Nadu,India
128,Global Wholesale,Arjun Sharma,9479275199,contact128@supplier.in,561 Market Road,Mumbai,Maharashtra,India
129,Sunrise Supplies,Arjun Singh,9811231194,contact129@supplier.in,72 Market Road,Pune,Maharashtra,India
130,Green Retail,Rahul Das,9290673424,contact130@supplier.in,99 Market Road,Chennai,Tamil Nadu,India
131,Nova Supplies,Sneha Sharma,9156705654,contact131@supplier.in,653 Market Road,Mumbai,Maharashtra,India
132,Sunrise Wholesale,Arjun Das,9206603361,contact132@supplier.in,321 Market Road,Delhi,Delhi,India
133,Prime Retail,Rahul Singh,9813239997,contact133@supplier.in,132 Market Road,Kolkata,West Bengal,India
134,Green Wholesale,Rahul Das,9197041135,contact134@supplier.in,257 Market Road,Pune,Maharashtra,India
135,Nova Distributors,Rahul Singh,9162451570,contact135@supplier.in,751 Market Road,Hyderabad,Telangana,India
136,Global Supplies,Priya Singh,9966423090,contact136@supplier.in,120 Market Road,Chennai,Tamil Nadu,India
137,Nova Wholesale,Amit Roy,9454449869,contact137@supplier.in,946 Market Road,Chennai,Tamil Nadu,India
138,Sunrise Wholesale,Arjun Singh,9212407809,contact138@supplier.in,133 Market Road,Hyderabad,Telangana,India
139,Sunrise Retail,Arjun Sharma,9992942016,contact139@supplier.in,299 Market Road,Jaipur,Rajasthan,India
140,Prime Distributors,Sneha Das,9204561072,contact140@supplier.in,420 Market Road,Mumbai,Maharashtra,India
141,Prime Retail,Rahul Sharma,9422655270,contact141@supplier.in,835 Market Road,Hyderabad,Telangana,India
142,Orion Distributors,Priya Das,9392776530,contact142@supplier.in,334 Market Road,Hyderabad,Telangana,India
143,Sunrise Traders,Amit Das,9880401709,contact143@supplier.in,334 Market Road,Kolkata,West Bengal,India
144,Sunrise Traders,Sneha Das,9615071633,contact144@supplier.in,466 Market Road,Hyderabad,Telangana,India
145,Green Wholesale,Rahul Sharma,9244505486,contact145@supplier.in,50 Market Road,Hyderabad,Telangana,India
146,Sunrise Distributors,Amit Das,9488241160,contact146@supplier.in,965 Market Road,Jaipur,Rajasthan,India
147,Orion Distributors,Sneha Das,9671368516,contact147@supplier.in,520 Market Road,Hyderabad,Telangana,India
148,Nova Supplies,Priya Roy,9704275624,contact148@supplier.in,137 Market Road,Mumbai,Maharashtra,India
149,Prime Wholesale,Arjun Sharma,9971586368,contact149@supplier.in,102 Market Road,Delhi,Delhi,India
150,Green Traders,Amit Das,9171697206,contact150@supplier.in,648 Market Road,Chennai,Tamil Nadu,India
151,Nova Supplies,Amit Singh,9123460592,contact151@supplier.in,605 Market Road,Delhi,Delhi,India
152,Orion Distributors,Amit Roy,9742181363,contact152@supplier.in,506 Market Road,Hyderabad,Telangana,India
153,Orion Wholesale,Priya Roy,9957018572,contact153@supplier.in,494 Market Road,Bengaluru,Karnataka,India
154,Global Wholesale,Amit Sharma,9901851938,contact154@supplier.in,545 Market Road,Delhi,Delhi,India
155,Sunrise Wholesale,Rahul Singh,9761258108,contact155@supplier.in,904 Market Road,Pune,Maharashtra,India
156,Nova Distributors,Sneha Sharma,9303753808,contact156@supplier.in,984 Market Road,Pune,Maharashtra,India
157,Green Traders,Arjun Sharma,9982470709,contact157@supplier.in,310 Market Road,Chennai,Tamil Nadu,India
158,Sunrise Retail,Arjun Das,9664387925,contact158@supplier.in,422 Market Road,Hyderabad,Telangana,India
159,Sunrise Retail,Priya Singh,9424173811,contact159@supplier.in,135 Market Road,Pune,Maharashtra,India
160,Sunrise Supplies,Arjun Roy,9371381553,contact160@supplier.in,652 Market Road,Jaipur,Rajasthan,India
161,Orion Retail,Rahul Das,9551903642,contact161@supplier.in,412 Market Road,Kolkata,West Bengal,India
162,Green Traders,Rahul Sharma,9105173678,contact162@supplier.in,393 Market Road,Chennai,Tamil Nadu,India
163,Orion Distributors,Priya Singh,9925315799,contact163@supplier.in,345 Market Road,Chennai,Tamil Nadu,India
164,Orion Traders,Sneha Das,9255365339,contact164@supplier.in,426 Market Road,Pune,Maharashtra,India
165,Nova Supplies,Priya Das,9236492671,contact165@supplier.in,604 Market Road,Mumbai,Maharashtra,India
166,Orion Distributors,Arjun Das,9894053326,contact166@supplier.in,431 Market Road,Chennai,Tamil Nadu,India
167,Orion Distributors,Sneha Roy,9868224766,contact167@supplier.in,850 Market Road,Chennai,Tamil Nadu,India
168,Orion Wholesale,Rahul Sharma,9239017489,contact168@supplier.in,212 Market Road,Jaipur,Rajasthan,India
169,Prime Traders,Rahul Das,9267195372,contact169@supplier.in,492 Market Road,Mumbai,Maharashtra,India
170,Orion Supplies,Rahul Sharma,9559224379,contact170@supplier.in,627 Market Road,Delhi,Delhi,India
171,Sunrise Supplies,Arjun Singh,9472269018,contact171@supplier.in,49 Market Road,Kolkata,West Bengal,India
172,Green Retail,Sneha Sharma,9384900526,contact172@supplier.in,701 Market Road,Delhi,Delhi,India
173,Prime Wholesale,Rahul Roy,9826715802,contact173@supplier.in,660 Market Road,Chennai,Tamil Nadu,India
174,Orion Traders,Sneha Das,9832248289,contact174@supplier.in,521 Market Road,Delhi,Delhi,India
175,Orion Traders,Arjun Singh,9213633749,contact175@supplier.in,153 Market Road,Jaipur,Rajasthan,India
176,Sunrise Supplies,Amit Das,9547325174,contact176@supplier.in,762 Market Road,Pune,Maharashtra,India
177,Orion Retail,Amit Das,9621811015,contact177@supplier.in,106 Market Road,Chennai,Tamil Nadu,India
178,Green Distributors,Priya Sharma,9680396083,contact178@supplier.in,641 Market Road,Kolkata,West Bengal,India
179,Global Traders,Amit Das,9390272851,contact179@supplier.in,724 Market Road,Jaipur,Rajasthan,India
180,Orion Supplies,Amit Das,9309713151,contact180@supplier.in,418 Market Road,Bengaluru,Karnataka,India
181,Sunrise Retail,Arjun Roy,9544316430,contact181@supplier.in,277 Market Road,Kolkata,West Bengal,India
182,Orion Distributors,Priya Singh,9330210579,contact182@supplier.in,511 Market Road,Chennai,Tamil Nadu,India
183,Sunrise Wholesale,Amit Das,9289149067,contact183@supplier.in,621 Market Road,Hyderabad,Telangana,India
184,Green Retail,Sneha Roy,9162451268,contact184@supplier.in,517 Market Road,Mumbai,Maharashtra,India
185,Sunrise Supplies,Amit Das,9768455469,contact185@supplier.in,506 Market Road,Hyderabad,Telangana,India
186,Global Traders,Amit Roy,9849846260,contact186@supplier.in,263 Market Road,Jaipur,Rajasthan,India
187,Nova Retail,Rahul Roy,9835262701,contact187@supplier.in,119 Market Road,Bengaluru,Karnataka,India
188,Sunrise Supplies,Arjun Das,9553403105,contact188@supplier.in,336 Market Road,Bengaluru,Karnataka,India
189,Nova Distributors,Arjun Roy,9190801441,contact189@supplier.in,761 Market Road,Kolkata,West Bengal,India
190,Global Distributors,Priya Singh,9124830041,contact190@supplier.in,125 Market Road,Bengaluru,Karnataka,India
191,Global Supplies,Rahul Das,9926760789,contact191@supplier.in,147 Market Road,Hyderabad,Telangana,India
192,Global Traders,Rahul Sharma,9422107695,contact192@supplier.in,325 Market Road,Kolkata,West Bengal,India
193,Global Retail,Rahul Das,9133468509,contact193@supplier.in,81 Market Road,Bengaluru,Karnataka,India
194,Orion Distributors,Amit Sharma,9829762390,contact194@supplier.in,337 Market Road,Mumbai,Maharashtra,India
195,Nova Retail,Priya Sharma,9478346369,contact195@supplier.in,946 Market Road,Chennai,Tamil Nadu,India
196,Sunrise Distributors,Sneha Sharma,9829073587,contact196@supplier.in,591 Market Road,Mumbai,Maharashtra,India
197,Sunrise Wholesale,Arjun Singh,9423298517,contact197@supplier.in,920 Market Road,Jaipur,Rajasthan,India
198,Green Distributors,Arjun Roy,9157916618,contact198@supplier.in,615 Market Road,Bengaluru,Karnataka,India
199,Prime Supplies,Amit Singh,9394735557,contact199@supplier.in,560 Market Road,Delhi,Delhi,India
200,Global Retail,Priya Das,9608131223,contact200@supplier.in,130 Market Road,Kolkata,West Bengal,India
201,Green Traders,Priya Sharma,9802679477,contact201@supplier.in,558 Market Road,Pune,Maharashtra,India
202,Sunrise Retail,Arjun Sharma,9764695225,contact202@supplier.in,316 Market Road,Hyderabad,Telangana,India
203,Green Supplies,Amit Sharma,9722000710,contact203@supplier.in,146 Market Road,Jaipur,Rajasthan,India
204,Orion Distributors,Priya Das,9271549364,contact204@supplier.in,160 Market Road,Bengaluru,Karnataka,India
205,Orion Wholesale,Rahul Roy,9389648106,contact205@supplier.in,303 Market Road,Pune,Maharashtra,India
206,Sunrise Traders,Amit Singh,9902072898,contact206@supplier.in,576 Market Road,Kolkata,West Bengal,India
207,Orion Traders,Sneha Singh,9396420155,contact207@supplier.in,956 Market Road,Delhi,Delhi,India
208,Orion Wholesale,Arjun Singh,9157202839,contact208@supplier.in,102 Market Road,Hyderabad,Telangana,India
209,Nova Traders,Rahul Sharma,9730706628,contact209@supplier.in,143 Market Road,Jaipur,Rajasthan,India
210,Sunrise Distributors,Arjun Das,9961234323,contact210@supplier.in,486 Market Road,Hyderabad,Telangana,India
211,Sunrise Supplies,Rahul Das,9270359019,contact211@supplier.in,120 Market Road,Bengaluru,Karnataka,India
212,Green Distributors,Sneha Das,9372183684,contact212@supplier.in,674 Market Road,Kolkata,West Bengal,India
213,Sunrise Wholesale,Sneha Singh,9485198675,contact213@supplier.in,301 Market Road,Kolkata,West Bengal,India
214,Orion Supplies,Arjun Roy,9160163071,contact214@supplier.in,350 Market Road,Hyderabad,Telangana,India
215,Sunrise Supplies,Arjun Singh,9466129406,contact215@supplier.in,776 Market Road,Delhi,Delhi,India
216,Sunrise Traders,Sneha Roy,9511499358,contact216@supplier.in,647 Market Road,Delhi,Delhi,India
217,Orion Supplies,Rahul Roy,9460358666,contact217@supplier.in,999 Market Road,Mumbai,Maharashtra,India
218,Green Supplies,Sneha Singh,9496801145,contact218@supplier.in,505 Market Road,Hyderabad,Telangana,India
219,Orion Wholesale,Sneha Sharma,9713566837,contact219@supplier.in,500 Market Road,Bengaluru,Karnataka,India
220,Prime Supplies,Rahul Singh,9545191648,contact220@supplier.in,112 Market Road,Chennai,Tamil Nadu,India
221,Green Traders,Amit Singh,9922569105,contact221@supplier.in,387 Market Road,Kolkata,West Bengal,India
222,Prime Supplies,Arjun Sharma,9373362131,contact222@supplier.in,20 Market Road,Chennai,Tamil Nadu,India
223,Orion Supplies,Arjun Singh,9105716621,contact223@supplier.in,558 Market Road,Jaipur,Rajasthan,India
224,Orion Supplies,Amit Das,9811250157,contact224@supplier.in,245 Market Road,Bengaluru,Karnataka,India
225,Sunrise Retail,Amit Roy,9503386818,contact225@supplier.in,600 Market Road,Delhi,Delhi,India
226,Sunrise Supplies,Sneha Roy,9952981252,contact226@supplier.in,42 Market Road,Kolkata,West Bengal,India
227,Green Retail,Arjun Sharma,9366197462,contact227@supplier.in,408 Market Road,Bengaluru,Karnataka,India
228,Nova Retail,Rahul Singh,9196298898,contact228@supplier.in,574 Market Road,Jaipur,Rajasthan,India
229,Green Wholesale,Rahul Roy,9934679299,contact229@supplier.in,13 Market Road,Delhi,Delhi,India
230,Global Wholesale,Priya Singh,9278990736,contact230@supplier.in,610 Market Road,Kolkata,West Bengal,India
231,Sunrise Distributors,Arjun Singh,9638575058,contact231@supplier.in,823 Market Road,Mumbai,Maharashtra,India
232,Sunrise Supplies,Sneha Singh,9967987325,contact232@supplier.in,206 Market Road,Pune,Maharashtra,India
233,Global Distributors,Amit Das,9708676664,contact233@supplier.in,287 Market Road,Jaipur,Rajasthan,India
234,Green Retail,Rahul Das,9460900276,contact234@supplier.in,951 Market Road,Mumbai,Maharashtra,India
235,Global Distributors,Priya Das,9512598600,contact235@supplier.in,286 Market Road,Mumbai,Maharashtra,India
236,Nova Supplies,Amit Das,9342574809,contact236@supplier.in,202 Market Road,Jaipur,Rajasthan,India
237,Sunrise Retail,Arjun Roy,9683054733,contact237@supplier.in,440 Market Road,Delhi,Delhi,India
238,Sunrise Supplies,Arjun Singh,9520174581,contact238@supplier.in,729 Market Road,Bengaluru,Karnataka,India
239,Nova Traders,Amit Sharma,9132492141,contact239@supplier.in,765 Market Road,Bengaluru,Karnataka,India
240,Orion Wholesale,Amit Roy,9822293559,contact240@supplier.in,552 Market Road,Pune,Maharashtra,India
241,Prime Wholesale,Amit Das,9317337948,contact241@supplier.in,678 Market Road,Delhi,Delhi,India
242,Global Supplies,Amit Das,9861638245,contact242@supplier.in,148 Market Road,Pune,Maharashtra,India
243,Orion Retail,Priya Sharma,9652208952,contact243@supplier.in,848 Market Road,Hyderabad,Telangana,India
244,Prime Wholesale,Rahul Das,9959574029,contact244@supplier.in,830 Market Road,Chennai,Tamil Nadu,India
245,Sunrise Distributors,Sneha Das,9763958912,contact245@supplier.in,60 Market Road,Delhi,Delhi,India
246,Global Supplies,Amit Sharma,9220814982,contact246@supplier.in,875 Market Road,Kolkata,West Bengal,India
247,Green Retail,Amit Roy,9641417519,contact247@supplier.in,520 Market Road,Pune,Maharashtra,India
248,Nova Supplies,Sneha Roy,9973910850,contact248@supplier.in,734 Market Road,Pune,Maharashtra,India
249,Green Traders,Rahul Roy,9919635737,contact249@supplier.in,577 Market Road,Chennai,Tamil Nadu,India
250,Green Wholesale,Arjun Roy,9387398140,contact250@supplier.in,39 Market Road,Pune,Maharashtra,India
